texte,sentiment
Le Nasdaq recule dans un contexte tendu.,negatif
L'or oscille sans direction précise.,neutre
Le marché clôture en hausse après le discours de la Fed.,positif
Tesla recule après l'annonce de son retrait d'un projet.,negatif
Le CAC 40 gagne 2% dans un contexte rassurant.,positif
Le pétrole grimpe face à la demande croissante.,positif
L'or recule avec le retour de l'appétit pour le risque.,negatif
Le pétrole grimpe face à la demande croissante.,positif
Le CAC 40 perd 2% sous la pression des valeurs bancaires.,negatif
Tesla en forte hausse suite à ses résultats trimestriels.,positif
Les investisseurs attendent le rapport sur l'emploi.,neutre
Les indices boursiers souffrent de la hausse des taux.,negatif
Wall Street ouvre en légère hausse.,neutre
Wall Street termine en baisse dans un climat incertain.,negatif
Apple atteint un nouveau sommet historique.,positif
Wall Street salue les résultats record de Microsoft.,positif
Les volumes d'échange restent faibles en séance.,neutre
Wall Street ouvre en légère hausse.,neutre
Apple atteint un nouveau sommet historique.,positif
Le Bitcoin se maintient autour des 50 000 dollars.,neutre
Les investisseurs se réjouissent de la baisse des taux.,positif
Le marché chute après les chiffres du chômage.,negatif
Wall Street salue les résultats record de Microsoft.,positif
Wall Street ouvre en légère hausse.,neutre
Peu de mouvements sur le CAC 40 ce lundi.,neutre
Le Bitcoin bondit de 5% après des annonces favorables.,positif
Le pétrole baisse en raison de la baisse de la demande.,negatif
Wall Street ouvre en légère hausse.,neutre
L'or recule avec le retour de l'appétit pour le risque.,negatif
L'or recule avec le retour de l'appétit pour le risque.,negatif
Wall Street termine en baisse dans un climat incertain.,negatif
Le marché reste stable avant la publication des chiffres.,neutre
Le Bitcoin se maintient autour des 50 000 dollars.,neutre
Le CAC 40 perd 2% sous la pression des valeurs bancaires.,negatif
Apple recule face aux craintes de ralentissement économique.,negatif
Tesla en forte hausse suite à ses résultats trimestriels.,positif
Le pétrole grimpe face à la demande croissante.,positif
Le Nasdaq enregistre sa meilleure performance de l'année.,positif
Le Nasdaq recule dans un contexte tendu.,negatif
Wall Street termine en baisse dans un climat incertain.,negatif
Le CAC 40 gagne 2% dans un contexte rassurant.,positif
Le pétrole reste stable autour des 80 dollars.,neutre
Les indices évoluent sans tendance claire.,neutre
Les indices évoluent sans tendance claire.,neutre
Tesla recule après l'annonce de son retrait d'un projet.,negatif
Les investisseurs attendent le rapport sur l'emploi.,neutre
Wall Street salue les résultats record de Microsoft.,positif
Le CAC 40 gagne 2% dans un contexte rassurant.,positif
Apple recule face aux craintes de ralentissement économique.,negatif
Le pétrole baisse en raison de la baisse de la demande.,negatif
Le marché reste stable avant la publication des chiffres.,neutre
Le pétrole grimpe face à la demande croissante.,positif
Le dollar reste inchangé face à l'euro.,neutre
Les indices évoluent sans tendance claire.,neutre
Wall Street ouvre en légère hausse.,neutre
Le Nasdaq recule dans un contexte tendu.,negatif
Apple recule face aux craintes de ralentissement économique.,negatif
Tesla recule après l'annonce de son retrait d'un projet.,negatif
Le Nasdaq enregistre sa meilleure performance de l'année.,positif
L'or recule avec le retour de l'appétit pour le risque.,negatif
Tesla en forte hausse suite à ses résultats trimestriels.,positif
Le Bitcoin bondit de 5% après des annonces favorables.,positif
Le dollar reste inchangé face à l'euro.,neutre
Peu de mouvements sur le CAC 40 ce lundi.,neutre
L'or oscille sans direction précise.,neutre
Wall Street termine en baisse dans un climat incertain.,negatif
Le dollar reste inchangé face à l'euro.,neutre
Le marché clôture en hausse après le discours de la Fed.,positif
L'or recule avec le retour de l'appétit pour le risque.,negatif
L'or progresse à la suite des tensions géopolitiques.,positif
Apple recule face aux craintes de ralentissement économique.,negatif
Le Bitcoin s'effondre après de mauvaises nouvelles.,negatif
Les volumes d'échange restent faibles en séance.,neutre
Le marché clôture en hausse après le discours de la Fed.,positif
Le CAC 40 perd 2% sous la pression des valeurs bancaires.,negatif
Le marché chute après les chiffres du chômage.,negatif
Le marché clôture en hausse après le discours de la Fed.,positif
Le CAC 40 perd 2% sous la pression des valeurs bancaires.,negatif
Les indices évoluent sans tendance claire.,neutre
Le pétrole baisse en raison de la baisse de la demande.,negatif
Les volumes d'échange restent faibles en séance.,neutre
Wall Street salue les résultats record de Microsoft.,positif
Tesla en forte hausse suite à ses résultats trimestriels.,positif
Tesla recule après l'annonce de son retrait d'un projet.,negatif
Tesla recule après l'annonce de son retrait d'un projet.,negatif
Les investisseurs se réjouissent de la baisse des taux.,positif
Les volumes d'échange restent faibles en séance.,neutre
Wall Street termine en baisse dans un climat incertain.,negatif
Le Nasdaq enregistre sa meilleure performance de l'année.,positif
Le dollar reste inchangé face à l'euro.,neutre
Le dollar reste inchangé face à l'euro.,neutre
Les investisseurs attendent le rapport sur l'emploi.,neutre
Le Bitcoin bondit de 5% après des annonces favorables.,positif
Le Bitcoin s'effondre après de mauvaises nouvelles.,negatif
Le marché chute après les chiffres du chômage.,negatif
Le Bitcoin bondit de 5% après des annonces favorables.,positif
Wall Street termine en baisse dans un climat incertain.,negatif
Le pétrole grimpe face à la demande croissante.,positif
Le Bitcoin s'effondre après de mauvaises nouvelles.,negatif
Le pétrole grimpe face à la demande croissante.,positif
Apple atteint un nouveau sommet historique.,positif
Les volumes d'échange restent faibles en séance.,neutre
Wall Street ouvre en légère hausse.,neutre
Peu de mouvements sur le CAC 40 ce lundi.,neutre
Le pétrole baisse en raison de la baisse de la demande.,negatif
Wall Street termine en baisse dans un climat incertain.,negatif
Le CAC 40 perd 2% sous la pression des valeurs bancaires.,negatif
Le Bitcoin se maintient autour des 50 000 dollars.,neutre
Le Bitcoin s'effondre après de mauvaises nouvelles.,negatif
Les investisseurs se réjouissent de la baisse des taux.,positif
Le Bitcoin bondit de 5% après des annonces favorables.,positif
L'or oscille sans direction précise.,neutre
Le marché chute après les chiffres du chômage.,negatif
L'or progresse à la suite des tensions géopolitiques.,positif
Tesla en forte hausse suite à ses résultats trimestriels.,positif
Les investisseurs attendent le rapport sur l'emploi.,neutre
L'or progresse à la suite des tensions géopolitiques.,positif
Apple recule face aux craintes de ralentissement économique.,negatif
Le CAC 40 gagne 2% dans un contexte rassurant.,positif
Le Bitcoin se maintient autour des 50 000 dollars.,neutre
Wall Street salue les résultats record de Microsoft.,positif
Le dollar reste inchangé face à l'euro.,neutre
Tesla en forte hausse suite à ses résultats trimestriels.,positif
L'or progresse à la suite des tensions géopolitiques.,positif
Le Nasdaq recule dans un contexte tendu.,negatif
Le pétrole baisse en raison de la baisse de la demande.,negatif
L'or progresse à la suite des tensions géopolitiques.,positif
Le Bitcoin s'effondre après de mauvaises nouvelles.,negatif
L'or oscille sans direction précise.,neutre
L'or recule avec le retour de l'appétit pour le risque.,negatif
Les indices boursiers souffrent de la hausse des taux.,negatif
Le CAC 40 perd 2% sous la pression des valeurs bancaires.,negatif
Les indices évoluent sans tendance claire.,neutre
Peu de mouvements sur le CAC 40 ce lundi.,neutre
L'or progresse à la suite des tensions géopolitiques.,positif
Le pétrole baisse en raison de la baisse de la demande.,negatif
Les indices boursiers souffrent de la hausse des taux.,negatif
Le pétrole reste stable autour des 80 dollars.,neutre
Les indices boursiers souffrent de la hausse des taux.,negatif
Les investisseurs se réjouissent de la baisse des taux.,positif
Les investisseurs attendent le rapport sur l'emploi.,neutre
Les investisseurs se réjouissent de la baisse des taux.,positif
Le Nasdaq recule dans un contexte tendu.,negatif
Les indices boursiers souffrent de la hausse des taux.,negatif
Le marché reste stable avant la publication des chiffres.,neutre
Le Nasdaq enregistre sa meilleure performance de l'année.,positif
Le Nasdaq enregistre sa meilleure performance de l'année.,positif
Les indices évoluent sans tendance claire.,neutre
Le pétrole reste stable autour des 80 dollars.,neutre
L'or recule avec le retour de l'appétit pour le risque.,negatif
Tesla en forte hausse suite à ses résultats trimestriels.,positif
Le Nasdaq enregistre sa meilleure performance de l'année.,positif
Le CAC 40 gagne 2% dans un contexte rassurant.,positif
Les investisseurs se réjouissent de la baisse des taux.,positif
L'or oscille sans direction précise.,neutre
Le Bitcoin s'effondre après de mauvaises nouvelles.,negatif
Apple atteint un nouveau sommet historique.,positif
Le CAC 40 gagne 2% dans un contexte rassurant.,positif
Le marché reste stable avant la publication des chiffres.,neutre
Le Bitcoin bondit de 5% après des annonces favorables.,positif
Le marché chute après les chiffres du chômage.,negatif
Le marché clôture en hausse après le discours de la Fed.,positif
Les investisseurs attendent le rapport sur l'emploi.,neutre
Les investisseurs se réjouissent de la baisse des taux.,positif
Le pétrole baisse en raison de la baisse de la demande.,negatif
Le Bitcoin bondit de 5% après des annonces favorables.,positif
Tesla recule après l'annonce de son retrait d'un projet.,negatif
Les volumes d'échange restent faibles en séance.,neutre
Apple atteint un nouveau sommet historique.,positif
Le marché chute après les chiffres du chômage.,negatif
Le marché chute après les chiffres du chômage.,negatif
Tesla recule après l'annonce de son retrait d'un projet.,negatif
Le pétrole reste stable autour des 80 dollars.,neutre
Le Nasdaq enregistre sa meilleure performance de l'année.,positif
Peu de mouvements sur le CAC 40 ce lundi.,neutre
Apple atteint un nouveau sommet historique.,positif
Le CAC 40 gagne 2% dans un contexte rassurant.,positif
Les indices boursiers souffrent de la hausse des taux.,negatif
Wall Street salue les résultats record de Microsoft.,positif
Le pétrole reste stable autour des 80 dollars.,neutre
Apple atteint un nouveau sommet historique.,positif
Apple recule face aux craintes de ralentissement économique.,negatif
Wall Street salue les résultats record de Microsoft.,positif
L'or oscille sans direction précise.,neutre
Le Nasdaq recule dans un contexte tendu.,negatif
Le Bitcoin s'effondre après de mauvaises nouvelles.,negatif
Le Bitcoin se maintient autour des 50 000 dollars.,neutre
L'or progresse à la suite des tensions géopolitiques.,positif
Le pétrole grimpe face à la demande croissante.,positif
Apple recule face aux craintes de ralentissement économique.,negatif
Le marché reste stable avant la publication des chiffres.,neutre
Le Bitcoin se maintient autour des 50 000 dollars.,neutre
Le CAC 40 perd 2% sous la pression des valeurs bancaires.,negatif
Le marché reste stable avant la publication des chiffres.,neutre
Le marché clôture en hausse après le discours de la Fed.,positif
Peu de mouvements sur le CAC 40 ce lundi.,neutre
Le Nasdaq recule dans un contexte tendu.,negatif
Les indices boursiers souffrent de la hausse des taux.,negatif
Le pétrole reste stable autour des 80 dollars.,neutre
Le marché clôture en hausse après le discours de la Fed.,positif
Belle performance avec une hausse de 2.22 points.,positif
L'action progresse de 9.66%.,positif
Les actions grimpent suite à l'annonce.,positif
Une augmentation de 4.74% est observée aujourd'hui.,positif
Les actions grimpent suite à l'annonce.,positif
La valeur clôture en forte hausse.,positif
La valeur clôture en forte hausse.,positif
Le marché réagit positivement à la publication.,positif
La valeur clôture en forte hausse.,positif
L'action progresse de 7.03%.,positif
Le titre gagne 2.66 euros.,positif
La valeur clôture en forte hausse.,positif
Belle performance avec une hausse de 2.52 points.,positif
Une augmentation de 2.09% est observée aujourd'hui.,positif
Belle performance avec une hausse de 2.4 points.,positif
L'action progresse de 3.56%.,positif
"Le prix passe de 11.49€ à 16.86€, marquant une hausse notable.",positif
L'indice termine la séance sur une note positive.,positif
Le cours augmente après de bonnes nouvelles.,positif
Une augmentation de 2.81% est observée aujourd'hui.,positif
Les actions grimpent suite à l'annonce.,positif
Le cours augmente après de bonnes nouvelles.,positif
L'indice termine la séance sur une note positive.,positif
Les actions grimpent suite à l'annonce.,positif
L'action progresse de 8.89%.,positif
L'action progresse de 7.77%.,positif
Le cours augmente après de bonnes nouvelles.,positif
Le cours augmente après de bonnes nouvelles.,positif
Le marché réagit positivement à la publication.,positif
L'indice termine la séance sur une note positive.,positif
La valeur clôture en forte hausse.,positif
"Le prix passe de 29.34€ à 30.42€, marquant une hausse notable.",positif
Belle performance avec une hausse de 5.92 points.,positif
Les actions grimpent suite à l'annonce.,positif
"Le prix passe de 25.42€ à 33.06€, marquant une hausse notable.",positif
Les actions grimpent suite à l'annonce.,positif
Les actions grimpent suite à l'annonce.,positif
Le marché réagit positivement à la publication.,positif
Une augmentation de 4.59% est observée aujourd'hui.,positif
Le marché réagit positivement à la publication.,positif
Les actions grimpent suite à l'annonce.,positif
Les actions grimpent suite à l'annonce.,positif
Les actions grimpent suite à l'annonce.,positif
Une augmentation de 4.75% est observée aujourd'hui.,positif
La valeur clôture en forte hausse.,positif
Les actions grimpent suite à l'annonce.,positif
Le cours augmente après de bonnes nouvelles.,positif
Le cours augmente après de bonnes nouvelles.,positif
Les actions grimpent suite à l'annonce.,positif
L'indice termine la séance sur une note positive.,positif
Le cours augmente après de bonnes nouvelles.,positif
La valeur clôture en forte hausse.,positif
La valeur clôture en forte hausse.,positif
L'indice termine la séance sur une note positive.,positif
Belle performance avec une hausse de 7.99 points.,positif
"Le prix passe de 33.49€ à 39.64€, marquant une hausse notable.",positif
L'indice termine la séance sur une note positive.,positif
La valeur clôture en forte hausse.,positif
"Le prix passe de 23.77€ à 31.82€, marquant une hausse notable.",positif
L'action progresse de 7.79%.,positif
Belle performance avec une hausse de 2.12 points.,positif
Une augmentation de 7.1% est observée aujourd'hui.,positif
L'indice termine la séance sur une note positive.,positif
Belle performance avec une hausse de 4.4 points.,positif
L'action progresse de 6.31%.,positif
Le cours augmente après de bonnes nouvelles.,positif
Le titre gagne 8.18 euros.,positif
Le cours augmente après de bonnes nouvelles.,positif
L'indice termine la séance sur une note positive.,positif
"Le prix passe de 32.53€ à 35.69€, marquant une hausse notable.",positif
Le titre gagne 9.35 euros.,positif
La valeur clôture en forte hausse.,positif
Le marché réagit positivement à la publication.,positif
La valeur clôture en forte hausse.,positif
"Le prix passe de 26.76€ à 29.18€, marquant une hausse notable.",positif
"Le prix passe de 45.17€ à 46.56€, marquant une hausse notable.",positif
La valeur clôture en forte hausse.,positif
"Le prix passe de 41.4€ à 42.58€, marquant une hausse notable.",positif
"Le prix passe de 45.46€ à 49.75€, marquant une hausse notable.",positif
Le marché réagit positivement à la publication.,positif
Belle performance avec une hausse de 7.46 points.,positif
L'indice termine la séance sur une note positive.,positif
L'indice termine la séance sur une note positive.,positif
La valeur clôture en forte hausse.,positif
Le titre gagne 5.6 euros.,positif
La valeur clôture en forte hausse.,positif
Une augmentation de 8.35% est observée aujourd'hui.,positif
Belle performance avec une hausse de 5.17 points.,positif
Les actions grimpent suite à l'annonce.,positif
Belle performance avec une hausse de 6.01 points.,positif
L'action progresse de 1.62%.,positif
Le titre gagne 1.9 euros.,positif
Le cours augmente après de bonnes nouvelles.,positif
L'action progresse de 0.76%.,positif
L'indice termine la séance sur une note positive.,positif
Les actions grimpent suite à l'annonce.,positif
La valeur clôture en forte hausse.,positif
Le titre gagne 7.09 euros.,positif
L'action progresse de 8.26%.,positif
Les actions grimpent suite à l'annonce.,positif
Le marché réagit positivement à la publication.,positif
Le cours augmente après de bonnes nouvelles.,positif
Belle performance avec une hausse de 6.35 points.,positif
L'action progresse de 9.2%.,positif
L'action progresse de 3.81%.,positif
Une augmentation de 9.55% est observée aujourd'hui.,positif
Une augmentation de 3.35% est observée aujourd'hui.,positif
Le marché réagit positivement à la publication.,positif
Le marché réagit positivement à la publication.,positif
Le marché réagit positivement à la publication.,positif
"Le prix passe de 25.47€ à 33.86€, marquant une hausse notable.",positif
"Le prix passe de 20.53€ à 30.16€, marquant une hausse notable.",positif
Belle performance avec une hausse de 8.65 points.,positif
L'indice termine la séance sur une note positive.,positif
L'action progresse de 0.52%.,positif
Le titre gagne 0.52 euros.,positif
Les actions grimpent suite à l'annonce.,positif
Les actions grimpent suite à l'annonce.,positif
La valeur clôture en forte hausse.,positif
Le titre gagne 7.83 euros.,positif
La valeur clôture en forte hausse.,positif
Le titre gagne 5.65 euros.,positif
L'indice termine la séance sur une note positive.,positif
La valeur clôture en forte hausse.,positif
Le cours augmente après de bonnes nouvelles.,positif
L'indice termine la séance sur une note positive.,positif
Le titre gagne 9.15 euros.,positif
Le titre gagne 5.58 euros.,positif
Le titre gagne 2.74 euros.,positif
"Le prix passe de 35.4€ à 38.73€, marquant une hausse notable.",positif
"Le prix passe de 29.04€ à 37.18€, marquant une hausse notable.",positif
L'indice termine la séance sur une note positive.,positif
Belle performance avec une hausse de 1.75 points.,positif
Belle performance avec une hausse de 7.26 points.,positif
Une augmentation de 8.55% est observée aujourd'hui.,positif
Les actions grimpent suite à l'annonce.,positif
Une augmentation de 1.43% est observée aujourd'hui.,positif
L'indice termine la séance sur une note positive.,positif
Une augmentation de 1.46% est observée aujourd'hui.,positif
Le marché réagit positivement à la publication.,positif
La valeur clôture en forte hausse.,positif
Le titre gagne 2.57 euros.,positif
L'action progresse de 7.77%.,positif
"Le prix passe de 43.83€ à 52.59€, marquant une hausse notable.",positif
La valeur clôture en forte hausse.,positif
Le marché réagit positivement à la publication.,positif
Le titre gagne 1.13 euros.,positif
Une augmentation de 7.75% est observée aujourd'hui.,positif
Les actions grimpent suite à l'annonce.,positif
Belle performance avec une hausse de 7.46 points.,positif
"Le prix passe de 32.8€ à 39.2€, marquant une hausse notable.",positif
Belle performance avec une hausse de 6.68 points.,positif
La valeur clôture en forte hausse.,positif
Le cours augmente après de bonnes nouvelles.,positif
Belle performance avec une hausse de 5.93 points.,positif
"Le prix passe de 20.64€ à 25.17€, marquant une hausse notable.",positif
Le marché réagit positivement à la publication.,positif
Une augmentation de 3.03% est observée aujourd'hui.,positif
Le marché réagit positivement à la publication.,positif
L'indice termine la séance sur une note positive.,positif
"Le prix passe de 41.33€ à 49.36€, marquant une hausse notable.",positif
L'action progresse de 0.83%.,positif
Belle performance avec une hausse de 7.41 points.,positif
L'indice termine la séance sur une note positive.,positif
Les actions grimpent suite à l'annonce.,positif
L'action progresse de 5.45%.,positif
Belle performance avec une hausse de 0.93 points.,positif
L'indice termine la séance sur une note positive.,positif
Le marché réagit positivement à la publication.,positif
Le marché réagit positivement à la publication.,positif
L'action progresse de 9.64%.,positif
La valeur clôture en forte hausse.,positif
La valeur clôture en forte hausse.,positif
"Le prix passe de 40.42€ à 48.75€, marquant une hausse notable.",positif
"Le prix passe de 28.44€ à 32.69€, marquant une hausse notable.",positif
Le titre gagne 2.9 euros.,positif
Une augmentation de 5.2% est observée aujourd'hui.,positif
La valeur clôture en forte hausse.,positif
Une augmentation de 8.41% est observée aujourd'hui.,positif
Le titre gagne 7.59 euros.,positif
Une augmentation de 7.68% est observée aujourd'hui.,positif
Le titre gagne 6.54 euros.,positif
L'indice termine la séance sur une note positive.,positif
La valeur clôture en forte hausse.,positif
"Le prix passe de 33.4€ à 40.84€, marquant une hausse notable.",positif
Une augmentation de 2.76% est observée aujourd'hui.,positif
Le titre gagne 0.83 euros.,positif
Le cours augmente après de bonnes nouvelles.,positif
Le marché réagit positivement à la publication.,positif
Le cours augmente après de bonnes nouvelles.,positif
Les actions grimpent suite à l'annonce.,positif
"Le prix passe de 40.69€ à 45.45€, marquant une hausse notable.",positif
Le cours augmente après de bonnes nouvelles.,positif
L'indice termine la séance sur une note positive.,positif
Le marché réagit positivement à la publication.,positif
Le marché réagit positivement à la publication.,positif
Le titre gagne 2.42 euros.,positif
Le cours augmente après de bonnes nouvelles.,positif
"Le prix passe de 18.97€ à 23.81€, marquant une hausse notable.",positif
Le titre gagne 9.04 euros.,positif
Les actions grimpent suite à l'annonce.,positif
La valeur clôture en forte hausse.,positif
L'action progresse de 9.1%.,positif
L'indice termine la séance sur une note positive.,positif
L'action progresse de 8.75%.,positif
L'action progresse de 5.29%.,positif
"Le prix passe de 20.45€ à 30.34€, marquant une hausse notable.",positif
La valeur clôture en forte hausse.,positif
L'indice termine la séance sur une note positive.,positif
L'action progresse de 7.61%.,positif
"Le prix passe de 25.52€ à 30.75€, marquant une hausse notable.",positif
Une augmentation de 9.26% est observée aujourd'hui.,positif
Les actions grimpent suite à l'annonce.,positif
Les actions grimpent suite à l'annonce.,positif
Les actions grimpent suite à l'annonce.,positif
Le marché réagit positivement à la publication.,positif
"Le prix passe de 27.24€ à 33.26€, marquant une hausse notable.",positif
"Le prix passe de 12.78€ à 22.7€, marquant une hausse notable.",positif
L'indice termine la séance sur une note positive.,positif
L'indice termine la séance sur une note positive.,positif
"Le prix passe de 25.88€ à 31.86€, marquant une hausse notable.",positif
Le titre gagne 7.03 euros.,positif
"Le prix passe de 12.86€ à 18.72€, marquant une hausse notable.",positif
Le marché réagit positivement à la publication.,positif
Les actions grimpent suite à l'annonce.,positif
Une augmentation de 4.68% est observée aujourd'hui.,positif
Belle performance avec une hausse de 7.84 points.,positif
"Le prix passe de 43.83€ à 45.74€, marquant une hausse notable.",positif
L'action progresse de 8.85%.,positif
Le cours augmente après de bonnes nouvelles.,positif
Le marché réagit positivement à la publication.,positif
Le marché réagit positivement à la publication.,positif
Belle performance avec une hausse de 3.21 points.,positif
Les actions grimpent suite à l'annonce.,positif
L'action progresse de 1.68%.,positif
Une augmentation de 3.67% est observée aujourd'hui.,positif
Les actions grimpent suite à l'annonce.,positif
La valeur clôture en forte hausse.,positif
Les actions grimpent suite à l'annonce.,positif
La valeur clôture en forte hausse.,positif
La valeur clôture en forte hausse.,positif
Le titre gagne 2.77 euros.,positif
"Le prix passe de 45.15€ à 51.65€, marquant une hausse notable.",positif
Le marché réagit positivement à la publication.,positif
L'indice termine la séance sur une note positive.,positif
Le marché réagit positivement à la publication.,positif
Belle performance avec une hausse de 4.11 points.,positif
L'action progresse de 1.89%.,positif
Le cours augmente après de bonnes nouvelles.,positif
Les actions grimpent suite à l'annonce.,positif
Le cours baisse de 7.39 euros.,negatif
Le marché clôture en baisse.,negatif
Les actions reculent suite aux inquiétudes.,negatif
"Le prix passe de 63.4€ à 60.29€, une baisse significative.",negatif
Le secteur est dans le rouge.,negatif
"Le prix passe de 80.63€ à 74.56€, une baisse significative.",negatif
Le recul atteint 3.16 points.,negatif
Forte baisse de la valeur aujourd'hui.,negatif
Le secteur est dans le rouge.,negatif
Le secteur est dans le rouge.,negatif
Le cours baisse de 2.78 euros.,negatif
Une perte de 9.6% est enregistrée.,negatif
Les actions reculent suite aux inquiétudes.,negatif
Forte baisse de la valeur aujourd'hui.,negatif
Forte baisse de la valeur aujourd'hui.,negatif
Le marché clôture en baisse.,negatif
"Le prix passe de 54.65€ à 46.6€, une baisse significative.",negatif
Forte baisse de la valeur aujourd'hui.,negatif
Une perte de 3.87% est enregistrée.,negatif
Le titre chute de 4.53%.,negatif
Une perte de 2.57% est enregistrée.,negatif
Forte baisse de la valeur aujourd'hui.,negatif
Le marché clôture en baisse.,negatif
Les actions reculent suite aux inquiétudes.,negatif
Le cours baisse de 8.84 euros.,negatif
Les actions reculent suite aux inquiétudes.,negatif
Le marché subit une pression vendeuse.,negatif
Le secteur est dans le rouge.,negatif
Le secteur est dans le rouge.,negatif
Les actions reculent suite aux inquiétudes.,negatif
Le marché subit une pression vendeuse.,negatif
Les actions reculent suite aux inquiétudes.,negatif
Le cours baisse de 7.97 euros.,negatif
Forte baisse de la valeur aujourd'hui.,negatif
Le marché clôture en baisse.,negatif
Une perte de 1.11% est enregistrée.,negatif
Le cours baisse de 5.99 euros.,negatif
Forte baisse de la valeur aujourd'hui.,negatif
Les actions reculent suite aux inquiétudes.,negatif
Le marché subit une pression vendeuse.,negatif
Les actions reculent suite aux inquiétudes.,negatif
Les actions reculent suite aux inquiétudes.,negatif
Le recul atteint 9.54 points.,negatif
Les actions reculent suite aux inquiétudes.,negatif
Le marché subit une pression vendeuse.,negatif
"Le prix passe de 36.11€ à 31.46€, une baisse significative.",negatif
Le secteur est dans le rouge.,negatif
Une perte de 2.4% est enregistrée.,negatif
Le titre chute de 4.74%.,negatif
Le recul atteint 4.16 points.,negatif
"Le prix passe de 33.4€ à 20.07€, une baisse significative.",negatif
Le marché subit une pression vendeuse.,negatif
Le marché clôture en baisse.,negatif
Le cours baisse de 4.81 euros.,negatif
Le marché subit une pression vendeuse.,negatif
Forte baisse de la valeur aujourd'hui.,negatif
Le marché subit une pression vendeuse.,negatif
Le cours baisse de 7.15 euros.,negatif
"Le prix passe de 42.99€ à 37.64€, une baisse significative.",negatif
Forte baisse de la valeur aujourd'hui.,negatif
Le cours baisse de 4.97 euros.,negatif
Le secteur est dans le rouge.,negatif
"Le prix passe de 86.58€ à 78.27€, une baisse significative.",negatif
Les actions reculent suite aux inquiétudes.,negatif
Le marché clôture en baisse.,negatif
Le recul atteint 2.14 points.,negatif
"Le prix passe de 74.46€ à 67.06€, une baisse significative.",negatif
Le recul atteint 5.06 points.,negatif
Le secteur est dans le rouge.,negatif
"Le prix passe de 52.35€ à 37.58€, une baisse significative.",negatif
Le titre chute de 9.34%.,negatif
Le marché subit une pression vendeuse.,negatif
Le recul atteint 8.79 points.,negatif
Une perte de 4.03% est enregistrée.,negatif
Une perte de 9.53% est enregistrée.,negatif
Le secteur est dans le rouge.,negatif
Le recul atteint 9.27 points.,negatif
Le marché clôture en baisse.,negatif
Une perte de 0.6% est enregistrée.,negatif
Les actions reculent suite aux inquiétudes.,negatif
Le titre chute de 6.78%.,negatif
Les actions reculent suite aux inquiétudes.,negatif
Le cours baisse de 7.02 euros.,negatif
Le secteur est dans le rouge.,negatif
Le recul atteint 9.75 points.,negatif
Une perte de 7.62% est enregistrée.,negatif
Le recul atteint 4.45 points.,negatif
Le cours baisse de 8.97 euros.,negatif
Le titre chute de 1.68%.,negatif
Une perte de 2.84% est enregistrée.,negatif
Les actions reculent suite aux inquiétudes.,negatif
Les actions reculent suite aux inquiétudes.,negatif
Le titre chute de 4.87%.,negatif
Le titre chute de 4.18%.,negatif
Forte baisse de la valeur aujourd'hui.,negatif
Le marché subit une pression vendeuse.,negatif
Une perte de 2.57% est enregistrée.,negatif
Le recul atteint 3.0 points.,negatif
Les actions reculent suite aux inquiétudes.,negatif
"Le prix passe de 46.89€ à 35.84€, une baisse significative.",negatif
Le secteur est dans le rouge.,negatif
Le marché clôture en baisse.,negatif
Le marché subit une pression vendeuse.,negatif
Les actions reculent suite aux inquiétudes.,negatif
Le marché subit une pression vendeuse.,negatif
"Le prix passe de 50.46€ à 41.12€, une baisse significative.",negatif
Le marché clôture en baisse.,negatif
Le marché clôture en baisse.,negatif
Le cours baisse de 2.04 euros.,negatif
Les actions reculent suite aux inquiétudes.,negatif
Le titre chute de 4.89%.,negatif
"Le prix passe de 79.23€ à 68.42€, une baisse significative.",negatif
"Le prix passe de 87.13€ à 73.5€, une baisse significative.",negatif
Le secteur est dans le rouge.,negatif
Le marché subit une pression vendeuse.,negatif
Le titre chute de 5.55%.,negatif
Le secteur est dans le rouge.,negatif
Une perte de 3.51% est enregistrée.,negatif
Le titre chute de 3.74%.,negatif
Une perte de 8.72% est enregistrée.,negatif
Le marché subit une pression vendeuse.,negatif
Les actions reculent suite aux inquiétudes.,negatif
Le cours baisse de 0.89 euros.,negatif
Forte baisse de la valeur aujourd'hui.,negatif
Forte baisse de la valeur aujourd'hui.,negatif
Le secteur est dans le rouge.,negatif
Le secteur est dans le rouge.,negatif
Le recul atteint 8.15 points.,negatif
Le cours baisse de 2.84 euros.,negatif
Le marché clôture en baisse.,negatif
Le marché clôture en baisse.,negatif
"Le prix passe de 79.21€ à 66.83€, une baisse significative.",negatif
Le marché clôture en baisse.,negatif
Le titre chute de 2.51%.,negatif
Forte baisse de la valeur aujourd'hui.,negatif
Le secteur est dans le rouge.,negatif
Les actions reculent suite aux inquiétudes.,negatif
Le titre chute de 7.24%.,negatif
Le marché clôture en baisse.,negatif
Le marché clôture en baisse.,negatif
Une perte de 6.22% est enregistrée.,negatif
Le titre chute de 7.65%.,negatif
"Le prix passe de 81.91€ à 77.26€, une baisse significative.",negatif
Les actions reculent suite aux inquiétudes.,negatif
Une perte de 4.0% est enregistrée.,negatif
"Le prix passe de 21.28€ à 11.82€, une baisse significative.",negatif
Une perte de 2.2% est enregistrée.,negatif
Le marché subit une pression vendeuse.,negatif
Le titre chute de 4.91%.,negatif
Forte baisse de la valeur aujourd'hui.,negatif
Le secteur est dans le rouge.,negatif
Forte baisse de la valeur aujourd'hui.,negatif
Le marché subit une pression vendeuse.,negatif
Une perte de 4.74% est enregistrée.,negatif
Le marché clôture en baisse.,negatif
Le marché subit une pression vendeuse.,negatif
Les actions reculent suite aux inquiétudes.,negatif
Une perte de 0.85% est enregistrée.,negatif
"Le prix passe de 64.71€ à 58.03€, une baisse significative.",negatif
Le secteur est dans le rouge.,negatif
Les actions reculent suite aux inquiétudes.,negatif
Forte baisse de la valeur aujourd'hui.,negatif
Le recul atteint 7.87 points.,negatif
"Le prix passe de 98.95€ à 95.98€, une baisse significative.",negatif
"Le prix passe de 97.54€ à 89.23€, une baisse significative.",negatif
Le cours baisse de 7.66 euros.,negatif
Le titre chute de 4.77%.,negatif
Le recul atteint 1.03 points.,negatif
Les actions reculent suite aux inquiétudes.,negatif
Les actions reculent suite aux inquiétudes.,negatif
Le recul atteint 6.08 points.,negatif
Le marché subit une pression vendeuse.,negatif
Le marché clôture en baisse.,negatif
Le marché subit une pression vendeuse.,negatif
"Le prix passe de 52.6€ à 49.87€, une baisse significative.",negatif
Les actions reculent suite aux inquiétudes.,negatif
"Le prix passe de 37.2€ à 33.08€, une baisse significative.",negatif
Le titre chute de 1.47%.,negatif
Une perte de 4.98% est enregistrée.,negatif
Une perte de 2.83% est enregistrée.,negatif
Une perte de 3.66% est enregistrée.,negatif
Le secteur est dans le rouge.,negatif
Le recul atteint 6.47 points.,negatif
Une perte de 9.34% est enregistrée.,negatif
Le titre chute de 9.89%.,negatif
Les actions reculent suite aux inquiétudes.,negatif
Le cours baisse de 5.3 euros.,negatif
Le marché subit une pression vendeuse.,negatif
Le marché subit une pression vendeuse.,negatif
Le marché subit une pression vendeuse.,negatif
Les actions reculent suite aux inquiétudes.,negatif
Le secteur est dans le rouge.,negatif
Le titre chute de 7.11%.,negatif
Le cours baisse de 2.22 euros.,negatif
Une perte de 6.43% est enregistrée.,negatif
Forte baisse de la valeur aujourd'hui.,negatif
Le recul atteint 6.11 points.,negatif
Les actions reculent suite aux inquiétudes.,negatif
Forte baisse de la valeur aujourd'hui.,negatif
Les actions reculent suite aux inquiétudes.,negatif
Les actions reculent suite aux inquiétudes.,negatif
Le marché subit une pression vendeuse.,negatif
Forte baisse de la valeur aujourd'hui.,negatif
Forte baisse de la valeur aujourd'hui.,negatif
Le marché clôture en baisse.,negatif
Une perte de 5.11% est enregistrée.,negatif
Le titre chute de 1.77%.,negatif
Le marché clôture en baisse.,negatif
Le marché clôture en baisse.,negatif
Le recul atteint 9.38 points.,negatif
Le titre chute de 4.95%.,negatif
Le titre chute de 8.71%.,negatif
Le secteur est dans le rouge.,negatif
Le titre chute de 0.5%.,negatif
Forte baisse de la valeur aujourd'hui.,negatif
Le marché clôture en baisse.,negatif
Le titre chute de 5.93%.,negatif
Le recul atteint 8.98 points.,negatif
Le marché clôture en baisse.,negatif
Le marché subit une pression vendeuse.,negatif
Une perte de 5.69% est enregistrée.,negatif
Le titre chute de 2.87%.,negatif
Les actions reculent suite aux inquiétudes.,negatif
Le recul atteint 9.66 points.,negatif
Le marché clôture en baisse.,negatif
Forte baisse de la valeur aujourd'hui.,negatif
Le recul atteint 5.97 points.,negatif
Le titre chute de 9.01%.,negatif
Le titre chute de 7.27%.,negatif
Le cours baisse de 8.09 euros.,negatif
Une perte de 2.76% est enregistrée.,negatif
"Le prix passe de 99.27€ à 91.04€, une baisse significative.",negatif
Le secteur est dans le rouge.,negatif
Le secteur est dans le rouge.,negatif
Le titre chute de 0.7%.,negatif
Les actions reculent suite aux inquiétudes.,negatif
Le marché subit une pression vendeuse.,negatif
Forte baisse de la valeur aujourd'hui.,negatif
Le secteur est dans le rouge.,negatif
Une perte de 3.72% est enregistrée.,negatif
Le recul atteint 5.74 points.,negatif
Le secteur est dans le rouge.,negatif
Une perte de 5.58% est enregistrée.,negatif
Forte baisse de la valeur aujourd'hui.,negatif
Le marché subit une pression vendeuse.,negatif
Le secteur est dans le rouge.,negatif
Une perte de 3.0% est enregistrée.,negatif
Le secteur est dans le rouge.,negatif
"Le prix passe de 45.13€ à 41.9€, une baisse significative.",negatif
Le marché clôture en baisse.,negatif
Peu de mouvement observé sur les valeurs principales.,neutre
La séance s'est déroulée sans volatilité notable.,neutre
La séance s'est déroulée sans volatilité notable.,neutre
Le volume d'échange reste modéré.,neutre
Peu de mouvement observé sur les valeurs principales.,neutre
Aucune direction claire ne se dessine.,neutre
Aucune direction claire ne se dessine.,neutre
Le marché attend les prochaines annonces économiques.,neutre
La tendance reste incertaine.,neutre
Pas de changement significatif dans les indices.,neutre
Le marché attend les prochaines annonces économiques.,neutre
La séance s'est déroulée sans volatilité notable.,neutre
Le marché attend les prochaines annonces économiques.,neutre
La tendance reste incertaine.,neutre
La tendance reste incertaine.,neutre
Peu de mouvement observé sur les valeurs principales.,neutre
La tendance reste incertaine.,neutre
La séance s'est déroulée sans volatilité notable.,neutre
Le volume d'échange reste modéré.,neutre
Aucune direction claire ne se dessine.,neutre
Le volume d'échange reste modéré.,neutre
Les marchés restent stables aujourd'hui.,neutre
Le volume d'échange reste modéré.,neutre
Pas de changement significatif dans les indices.,neutre
Les investisseurs restent prudents.,neutre
Peu de mouvement observé sur les valeurs principales.,neutre
La tendance reste incertaine.,neutre
La séance s'est déroulée sans volatilité notable.,neutre
Aucune direction claire ne se dessine.,neutre
Pas de changement significatif dans les indices.,neutre
Les marchés restent stables aujourd'hui.,neutre
La tendance reste incertaine.,neutre
La séance s'est déroulée sans volatilité notable.,neutre
Les investisseurs restent prudents.,neutre
Les investisseurs restent prudents.,neutre
Peu de mouvement observé sur les valeurs principales.,neutre
Les marchés restent stables aujourd'hui.,neutre
Le volume d'échange reste modéré.,neutre
La séance s'est déroulée sans volatilité notable.,neutre
Les investisseurs restent prudents.,neutre
Les marchés restent stables aujourd'hui.,neutre
Activité calme sur les marchés ce jour.,neutre
Les investisseurs restent prudents.,neutre
La séance s'est déroulée sans volatilité notable.,neutre
Activité calme sur les marchés ce jour.,neutre
La tendance reste incertaine.,neutre
Le volume d'échange reste modéré.,neutre
La séance s'est déroulée sans volatilité notable.,neutre
Les investisseurs restent prudents.,neutre
La tendance reste incertaine.,neutre
Activité calme sur les marchés ce jour.,neutre
Peu de mouvement observé sur les valeurs principales.,neutre
Les marchés restent stables aujourd'hui.,neutre
Peu de mouvement observé sur les valeurs principales.,neutre
Activité calme sur les marchés ce jour.,neutre
Le marché attend les prochaines annonces économiques.,neutre
Le volume d'échange reste modéré.,neutre
Activité calme sur les marchés ce jour.,neutre
Le marché attend les prochaines annonces économiques.,neutre
Peu de mouvement observé sur les valeurs principales.,neutre
La séance s'est déroulée sans volatilité notable.,neutre
La séance s'est déroulée sans volatilité notable.,neutre
Le volume d'échange reste modéré.,neutre
Le marché attend les prochaines annonces économiques.,neutre
Peu de mouvement observé sur les valeurs principales.,neutre
Les marchés restent stables aujourd'hui.,neutre
Le volume d'échange reste modéré.,neutre
Activité calme sur les marchés ce jour.,neutre
Aucune direction claire ne se dessine.,neutre
Les investisseurs restent prudents.,neutre
La tendance reste incertaine.,neutre
La séance s'est déroulée sans volatilité notable.,neutre
Peu de mouvement observé sur les valeurs principales.,neutre
Activité calme sur les marchés ce jour.,neutre
Les investisseurs restent prudents.,neutre
La tendance reste incertaine.,neutre
Les marchés restent stables aujourd'hui.,neutre
Les marchés restent stables aujourd'hui.,neutre
Peu de mouvement observé sur les valeurs principales.,neutre
La tendance reste incertaine.,neutre
Les investisseurs restent prudents.,neutre
Les investisseurs restent prudents.,neutre
Activité calme sur les marchés ce jour.,neutre
Les marchés restent stables aujourd'hui.,neutre
Aucune direction claire ne se dessine.,neutre
Aucune direction claire ne se dessine.,neutre
Les investisseurs restent prudents.,neutre
La séance s'est déroulée sans volatilité notable.,neutre
La tendance reste incertaine.,neutre
Le volume d'échange reste modéré.,neutre
La séance s'est déroulée sans volatilité notable.,neutre
Pas de changement significatif dans les indices.,neutre
Peu de mouvement observé sur les valeurs principales.,neutre
Le marché attend les prochaines annonces économiques.,neutre
La séance s'est déroulée sans volatilité notable.,neutre
Les marchés restent stables aujourd'hui.,neutre
Les investisseurs restent prudents.,neutre
Aucune direction claire ne se dessine.,neutre
Le marché attend les prochaines annonces économiques.,neutre
Le volume d'échange reste modéré.,neutre
Le volume d'échange reste modéré.,neutre
Peu de mouvement observé sur les valeurs principales.,neutre
Peu de mouvement observé sur les valeurs principales.,neutre
Peu de mouvement observé sur les valeurs principales.,neutre
La tendance reste incertaine.,neutre
Le volume d'échange reste modéré.,neutre
Le marché attend les prochaines annonces économiques.,neutre
Les marchés restent stables aujourd'hui.,neutre
Activité calme sur les marchés ce jour.,neutre
Le marché attend les prochaines annonces économiques.,neutre
Les marchés restent stables aujourd'hui.,neutre
La tendance reste incertaine.,neutre
Les marchés restent stables aujourd'hui.,neutre
Aucune direction claire ne se dessine.,neutre
Les marchés restent stables aujourd'hui.,neutre
Le volume d'échange reste modéré.,neutre
La séance s'est déroulée sans volatilité notable.,neutre
Les investisseurs restent prudents.,neutre
Le marché attend les prochaines annonces économiques.,neutre
La tendance reste incertaine.,neutre
La séance s'est déroulée sans volatilité notable.,neutre
Le volume d'échange reste modéré.,neutre
Les investisseurs restent prudents.,neutre
Le volume d'échange reste modéré.,neutre
La tendance reste incertaine.,neutre
La séance s'est déroulée sans volatilité notable.,neutre
Le marché attend les prochaines annonces économiques.,neutre
Les investisseurs restent prudents.,neutre
Les investisseurs restent prudents.,neutre
Pas de changement significatif dans les indices.,neutre
La tendance reste incertaine.,neutre
Les investisseurs restent prudents.,neutre
Le marché attend les prochaines annonces économiques.,neutre
Peu de mouvement observé sur les valeurs principales.,neutre
La tendance reste incertaine.,neutre
Le volume d'échange reste modéré.,neutre
Le marché attend les prochaines annonces économiques.,neutre
Les marchés restent stables aujourd'hui.,neutre
La séance s'est déroulée sans volatilité notable.,neutre
Activité calme sur les marchés ce jour.,neutre
Les marchés restent stables aujourd'hui.,neutre
Activité calme sur les marchés ce jour.,neutre
Les investisseurs restent prudents.,neutre
Pas de changement significatif dans les indices.,neutre
Aucune direction claire ne se dessine.,neutre
Peu de mouvement observé sur les valeurs principales.,neutre
Les marchés restent stables aujourd'hui.,neutre
La tendance reste incertaine.,neutre
La tendance reste incertaine.,neutre
La tendance reste incertaine.,neutre
Le volume d'échange reste modéré.,neutre
La tendance reste incertaine.,neutre
Aucune direction claire ne se dessine.,neutre
Les marchés restent stables aujourd'hui.,neutre
La séance s'est déroulée sans volatilité notable.,neutre
Aucune direction claire ne se dessine.,neutre
Le marché attend les prochaines annonces économiques.,neutre
Peu de mouvement observé sur les valeurs principales.,neutre
La tendance reste incertaine.,neutre
Les investisseurs restent prudents.,neutre
Le volume d'échange reste modéré.,neutre
Les investisseurs restent prudents.,neutre
Activité calme sur les marchés ce jour.,neutre
Le marché attend les prochaines annonces économiques.,neutre
Les marchés restent stables aujourd'hui.,neutre
Le volume d'échange reste modéré.,neutre
Les investisseurs restent prudents.,neutre
Les marchés restent stables aujourd'hui.,neutre
Pas de changement significatif dans les indices.,neutre
Pas de changement significatif dans les indices.,neutre
Le marché attend les prochaines annonces économiques.,neutre
La séance s'est déroulée sans volatilité notable.,neutre
Les marchés restent stables aujourd'hui.,neutre
La séance s'est déroulée sans volatilité notable.,neutre
Pas de changement significatif dans les indices.,neutre
Pas de changement significatif dans les indices.,neutre
Les marchés restent stables aujourd'hui.,neutre
Les marchés restent stables aujourd'hui.,neutre
La tendance reste incertaine.,neutre
Les investisseurs restent prudents.,neutre
La tendance reste incertaine.,neutre
La tendance reste incertaine.,neutre
Les investisseurs restent prudents.,neutre
Le volume d'échange reste modéré.,neutre
Activité calme sur les marchés ce jour.,neutre
La tendance reste incertaine.,neutre
Aucune direction claire ne se dessine.,neutre
La tendance reste incertaine.,neutre
La tendance reste incertaine.,neutre
Le marché attend les prochaines annonces économiques.,neutre
Aucune direction claire ne se dessine.,neutre
La séance s'est déroulée sans volatilité notable.,neutre
La séance s'est déroulée sans volatilité notable.,neutre
Aucune direction claire ne se dessine.,neutre
Pas de changement significatif dans les indices.,neutre
Aucune direction claire ne se dessine.,neutre
Aucune direction claire ne se dessine.,neutre
Activité calme sur les marchés ce jour.,neutre
Les investisseurs restent prudents.,neutre
Activité calme sur les marchés ce jour.,neutre
La tendance reste incertaine.,neutre
La tendance reste incertaine.,neutre
La séance s'est déroulée sans volatilité notable.,neutre
Peu de mouvement observé sur les valeurs principales.,neutre
Les investisseurs restent prudents.,neutre
Les marchés restent stables aujourd'hui.,neutre
Pas de changement significatif dans les indices.,neutre
Les marchés restent stables aujourd'hui.,neutre
La séance s'est déroulée sans volatilité notable.,neutre
Activité calme sur les marchés ce jour.,neutre
Le volume d'échange reste modéré.,neutre
Les investisseurs restent prudents.,neutre
Le marché attend les prochaines annonces économiques.,neutre
Pas de changement significatif dans les indices.,neutre
Aucune direction claire ne se dessine.,neutre
Le volume d'échange reste modéré.,neutre
Pas de changement significatif dans les indices.,neutre
Les marchés restent stables aujourd'hui.,neutre
La tendance reste incertaine.,neutre
Les marchés restent stables aujourd'hui.,neutre
Les marchés restent stables aujourd'hui.,neutre
Le volume d'échange reste modéré.,neutre
Les investisseurs restent prudents.,neutre
Les marchés restent stables aujourd'hui.,neutre
Les investisseurs restent prudents.,neutre
Aucune direction claire ne se dessine.,neutre
Le volume d'échange reste modéré.,neutre
Le marché attend les prochaines annonces économiques.,neutre
Les investisseurs restent prudents.,neutre
Le marché attend les prochaines annonces économiques.,neutre
Le volume d'échange reste modéré.,neutre
La tendance reste incertaine.,neutre
La séance s'est déroulée sans volatilité notable.,neutre
La séance s'est déroulée sans volatilité notable.,neutre
La séance s'est déroulée sans volatilité notable.,neutre
Les investisseurs restent prudents.,neutre
Peu de mouvement observé sur les valeurs principales.,neutre
Le volume d'échange reste modéré.,neutre
Le volume d'échange reste modéré.,neutre
Les investisseurs restent prudents.,neutre
La tendance reste incertaine.,neutre
Peu de mouvement observé sur les valeurs principales.,neutre
Peu de mouvement observé sur les valeurs principales.,neutre
Les marchés restent stables aujourd'hui.,neutre
La séance s'est déroulée sans volatilité notable.,neutre
Les marchés restent stables aujourd'hui.,neutre
Le marché attend les prochaines annonces économiques.,neutre
Activité calme sur les marchés ce jour.,neutre
Les investisseurs restent prudents.,neutre
La séance s'est déroulée sans volatilité notable.,neutre
